id;street_address;postal_code;city;state_province;gps
1;Secured Program;the program Ghana;West Hopefort;Soft Colombia;77939
2;Berkshire;Uruguayo Liaison Forward;Lubbock;cross-platform;76312
3;bricks-and-clicks neural;e-commerce Reverse-engineered Directives;South Douglasfort;Outdoors;13244
4;leading-edge;COM Diverse payment;Apple Valley;Licensed Forward parsing;53108
5;Orchestrator analyzer;JSON open-source e-services;Madison;Exclusive cutting-edge;61096
6;Designer Austria;Generic;Carson;Tactics infomediaries Guadeloupe;8913
7;alarm Bedfordshire Technician;pixel auxiliary Korea;Gardena;online;12962
8;auxiliary connect Toys;interface teal full-range;Reichelton;blue drive copying;17005
9;withdrawal payment;IB;South Kenton;Highway;52844
10;generation Division;viral Haven;Zechariahshire;turn-key Plastic;83391
