id;sender_id;receiver_id;message_content;message_title;message_date
1;Solutions Wooden;Borders violet feed;Pound Cheese SCSI;../fake-data/blob/hipster.txt;2021-04-04T18:56:27
2;Fantastic sensor Fresh;executive engine;sensor;../fake-data/blob/hipster.txt;2021-04-04T12:32:39
3;plug-and-play;Nakfa;Outdoors Brand Creative;../fake-data/blob/hipster.txt;2021-04-04T22:31:12
4;online;Texas Plastic strategize;Senior Salad;../fake-data/blob/hipster.txt;2021-04-04T21:26:40
5;responsive Internal;Tools initiatives;Account Fish cross-media;../fake-data/blob/hipster.txt;2021-04-05T08:33:22
6;mindshare;relationships;white;../fake-data/blob/hipster.txt;2021-04-05T08:02:32
7;Nebraska Generic brand;Intelligent Towels;Litas monetize Extended;../fake-data/blob/hipster.txt;2021-04-04T19:16:07
8;Steel ROI;Pizza SMS white;synergize;../fake-data/blob/hipster.txt;2021-04-04T16:10:20
9;indexing quantify hybrid;Arab Administrator 1080p;Handcrafted ivory Profit-focused;../fake-data/blob/hipster.txt;2021-04-05T07:25:10
10;support generating;model;Tools Security Interactions;../fake-data/blob/hipster.txt;2021-04-04T17:30:42
