id;report_id;user_id;cause
1;card Pass Cotton;grow hacking;../fake-data/blob/hipster.txt
2;deploy;Licensed;../fake-data/blob/hipster.txt
3;Ergonomic Tasty turquoise;connecting;../fake-data/blob/hipster.txt
4;Specialist New;Mouse;../fake-data/blob/hipster.txt
5;web Tasty programming;Planner;../fake-data/blob/hipster.txt
6;Web Accounts;Checking;../fake-data/blob/hipster.txt
7;programming SQL Steel;HTTP quantify optical;../fake-data/blob/hipster.txt
8;Books evolve Tactics;synthesize redefine productivity;../fake-data/blob/hipster.txt
9;solid Interactions grid-enabled;Clothing Identity Chips;../fake-data/blob/hipster.txt
10;TCP wireless backing;invoice Gloves matrix;../fake-data/blob/hipster.txt
